iso3,country,year,stock_musd
ARG,Argentina,1990,9084.648
ARG,Argentina,1991,11523.648
ARG,Argentina,1992,16302.85
ARG,Argentina,1993,18520.324
ARG,Argentina,1994,22428.053
ARG,Argentina,1995,27991.044
ARG,Argentina,1996,33556.974
ARG,Argentina,1997,42012.652
ARG,Argentina,1998,47797.05
ARG,Argentina,1999,61926.426
ARG,Argentina,2000,67600.51
ARG,Argentina,2001,79503.535
ARG,Argentina,2002,43146.388
ARG,Argentina,2003,48262
ARG,Argentina,2004,52507.309
ARG,Argentina,2005,55138.774
ARG,Argentina,2006,59882.214
ARG,Argentina,2007,66225.688
ARG,Argentina,2008,75235.083
ARG,Argentina,2009,78205.15
ARG,Argentina,2010,85590.58
ARG,Argentina,2011,92294.997
ARG,Argentina,2012,98705.619
ARG,Argentina,2013,88337.66
ARG,Argentina,2014,89715.934
ARG,Argentina,2015,79773.006
ARG,Argentina,2016,74868.346
ARG,Argentina,2017,80699.605
ARG,Argentina,2018,72589.394
ARG,Argentina,2019,70458.41
ARG,Argentina,2020,85268.84
ARG,Argentina,2021,99995.239
ARG,Argentina,2022,116627.112
ARG,Argentina,2023,130302
ARG,Argentina,2024,175538.333
BOL,Bolivia,1990,1025.7
BOL,Bolivia,1991,1092.7
BOL,Bolivia,1992,1188.4
BOL,Bolivia,1993,1310.5
BOL,Bolivia,1994,1434.1
BOL,Bolivia,1995,1564.3
BOL,Bolivia,1996,1990.7
BOL,Bolivia,1997,2248.3
BOL,Bolivia,1998,3274.4
BOL,Bolivia,1999,4284.9
BOL,Bolivia,2000,5187.7
BOL,Bolivia,2001,5893.47
BOL,Bolivia,2002,6570.03
BOL,Bolivia,2003,4606.5
BOL,Bolivia,2004,4957.6
BOL,Bolivia,2005,4904.5
BOL,Bolivia,2006,5118.867
BOL,Bolivia,2007,5485
BOL,Bolivia,2008,5998
BOL,Bolivia,2009,6421.06
BOL,Bolivia,2010,6889.976
BOL,Bolivia,2011,7748.917
BOL,Bolivia,2012,8808.883
BOL,Bolivia,2013,10992.277
BOL,Bolivia,2014,11784.69
BOL,Bolivia,2015,11597.988
BOL,Bolivia,2016,11564.533
BOL,Bolivia,2017,12241.463
BOL,Bolivia,2018,11835.153
BOL,Bolivia,2019,11710.3
BOL,Bolivia,2020,10276.3
BOL,Bolivia,2021,10585.5
BOL,Bolivia,2022,9838.892
BOL,Bolivia,2023,9377.318
BOL,Bolivia,2024,9565.819
BRA,Brazil,1990,37143.412
BRA,Brazil,1991,38580.246
BRA,Brazil,1992,47262.066
BRA,Brazil,1993,54593.718
BRA,Brazil,1994,61825.896
BRA,Brazil,1995,47886.624
BRA,Brazil,1996,54846.018
BRA,Brazil,1997,69721.498
BRA,Brazil,1998,99505.438
BRA,Brazil,1999,102330.699
BRA,Brazil,2001,117610.69
BRA,Brazil,2002,96860.858
BRA,Brazil,2003,127725.801
BRA,Brazil,2004,157777.478
BRA,Brazil,2005,177914.954
BRA,Brazil,2006,213021.15
BRA,Brazil,2007,292530.595
BRA,Brazil,2008,260530.595
BRA,Brazil,2009,367183.2
BRA,Brazil,2010,640329.627
BRA,Brazil,2011,649126.399
BRA,Brazil,2012,664208.459
BRA,Brazil,2013,627788.723
BRA,Brazil,2014,601489.939
BRA,Brazil,2015,429843
BRA,Brazil,2016,563539.49
BRA,Brazil,2017,623020.8
BRA,Brazil,2018,568741.4
BRA,Brazil,2019,705031
BRA,Brazil,2020,595284.8
BRA,Brazil,2021,729576.6
BRA,Brazil,2022,878143.8
BRA,Brazil,2023,1103232.729
BRA,Brazil,2024,914327.764
CHL,Chile,1990,16106.684
CHL,Chile,1991,16928.784
CHL,Chile,1992,17864.084
CHL,Chile,1993,18898.284
CHL,Chile,1994,21481.284
CHL,Chile,1995,24437.384
CHL,Chile,1996,29252
CHL,Chile,1997,34523.4
CHL,Chile,1998,37630.1
CHL,Chile,1999,43498.2
CHL,Chile,2000,45753.4
CHL,Chile,2001,43481.7
CHL,Chile,2002,42311.3
CHL,Chile,2003,54569.775
CHL,Chile,2004,65629.312
CHL,Chile,2005,78599.432
CHL,Chile,2006,84534.597
CHL,Chile,2007,107582.665
CHL,Chile,2008,101736.791
CHL,Chile,2009,129274.199
CHL,Chile,2010,160904.4
CHL,Chile,2011,173243.261
CHL,Chile,2012,179320.083
CHL,Chile,2013,190785.038
CHL,Chile,2014,205014.847
CHL,Chile,2015,207888.219
CHL,Chile,2016,222751.942
CHL,Chile,2017,245715.523
CHL,Chile,2018,241028.835
CHL,Chile,2019,245467.6
CHL,Chile,2020,248931.7
CHL,Chile,2021,238534.055
CHL,Chile,2022,252369.624
CHL,Chile,2023,265693.642
CHL,Chile,2024,266950.452
COL,Colombia,1990,3500.149
COL,Colombia,1991,3601.961
COL,Colombia,1992,3891.328
COL,Colombia,1993,4284.196
COL,Colombia,1994,5086.081
COL,Colombia,1995,6406.992
COL,Colombia,1996,11773.394
COL,Colombia,1997,19693.626
COL,Colombia,1998,16644.535
COL,Colombia,1999,13423.767
COL,Colombia,2000,11157.197
COL,Colombia,2001,15377.068
COL,Colombia,2002,18031.602
COL,Colombia,2003,20540.305
COL,Colombia,2004,24883.289
COL,Colombia,2005,36987
COL,Colombia,2006,45406
COL,Colombia,2007,56463
COL,Colombia,2008,67266
COL,Colombia,2009,75986
COL,Colombia,2010,82990.631
COL,Colombia,2011,97378.752
COL,Colombia,2012,112949.362
COL,Colombia,2013,128212.875
COL,Colombia,2014,141810.5
COL,Colombia,2015,149072.547
COL,Colombia,2016,164428.031
COL,Colombia,2017,179333.922
COL,Colombia,2018,188833.018
COL,Colombia,2019,204916.143
COL,Colombia,2020,212299.497
COL,Colombia,2021,219677.312
COL,Colombia,2022,234230.265
COL,Colombia,2023,253671.594
COL,Colombia,2024,267441.569
ECU,Ecuador,1990,1626
ECU,Ecuador,1991,1786.143
ECU,Ecuador,1992,1964.04
ECU,Ecuador,1993,2589.8
ECU,Ecuador,1994,3166.126
ECU,Ecuador,1995,3618.586
ECU,Ecuador,1996,4118.24
ECU,Ecuador,1997,4842.176
ECU,Ecuador,1998,5712.149
ECU,Ecuador,1999,6360.589
ECU,Ecuador,2000,6337.15
ECU,Ecuador,2001,6875.718
ECU,Ecuador,2002,7658.979
ECU,Ecuador,2003,8530.493
ECU,Ecuador,2004,9367.432
ECU,Ecuador,2005,9860.846
ECU,Ecuador,2006,10132.275
ECU,Ecuador,2007,10326.148
ECU,Ecuador,2008,11383.516
ECU,Ecuador,2009,11692.126
ECU,Ecuador,2010,11857.993
ECU,Ecuador,2011,12504.07
ECU,Ecuador,2012,13071.48
ECU,Ecuador,2013,13798.545
ECU,Ecuador,2014,14575.194
ECU,Ecuador,2015,15906.497
ECU,Ecuador,2016,16675.947
ECU,Ecuador,2017,17308.374
ECU,Ecuador,2018,18699.684
ECU,Ecuador,2019,19679.32
ECU,Ecuador,2020,20793.669
ECU,Ecuador,2021,21442.381
ECU,Ecuador,2022,22324.419
ECU,Ecuador,2023,22799.454
ECU,Ecuador,2024,23031.568
GUY,Guyana,1990,44.84
GUY,Guyana,1991,57.18
GUY,Guyana,1992,203.786
GUY,Guyana,1993,273.323
GUY,Guyana,1994,380.017
GUY,Guyana,1995,454.432
GUY,Guyana,1996,547.346
GUY,Guyana,1997,599.346
GUY,Guyana,1998,643.346
GUY,Guyana,1999,689.346
GUY,Guyana,2000,756.446
GUY,Guyana,2001,812.446
GUY,Guyana,2002,856.046
GUY,Guyana,2003,882.146
GUY,Guyana,2004,912.146
GUY,Guyana,2005,988.946
GUY,Guyana,2006,1091.346
GUY,Guyana,2007,1243.746
GUY,Guyana,2008,1421.746
GUY,Guyana,2009,1585.746
GUY,Guyana,2010,1783.746
GUY,Guyana,2011,2030.546
GUY,Guyana,2012,2324.206
GUY,Guyana,2013,2538.226
GUY,Guyana,2014,2793.456
GUY,Guyana,2015,2915.166
GUY,Guyana,2016,2973.022
GUY,Guyana,2017,3185.174
GUY,Guyana,2018,4416.234
GUY,Guyana,2019,6111.527
GUY,Guyana,2020,8197.421
GUY,Guyana,2021,12665.526
GUY,Guyana,2022,17073.97
GUY,Guyana,2023,24328.069
GUY,Guyana,2024,34729.182
PAN,Panama,1990,2274.913
PAN,Panama,1991,2383.438
PAN,Panama,1992,2527.932
PAN,Panama,1993,2697.428
PAN,Panama,1994,3099
PAN,Panama,1995,3244.6
PAN,Panama,1996,3660.1
PAN,Panama,1997,4959.4
PAN,Panama,1998,6260.1
PAN,Panama,1999,7015.6
PAN,Panama,2000,6774.9
PAN,Panama,2001,7314.3
PAN,Panama,2002,7412.9
PAN,Panama,2003,8230.4
PAN,Panama,2004,9249.5
PAN,Panama,2005,10167.1
PAN,Panama,2006,12714.4
PAN,Panama,2007,14613
PAN,Panama,2008,16759.7
PAN,Panama,2009,18019
PAN,Panama,2010,20742.3
PAN,Panama,2011,23898.8
PAN,Panama,2012,27109.3
PAN,Panama,2013,30676.5
PAN,Panama,2014,35135.3
PAN,Panama,2015,39691.3
PAN,Panama,2016,44009.923
PAN,Panama,2017,48291.68
PAN,Panama,2018,52334.99
PAN,Panama,2019,56726.77
PAN,Panama,2020,58128.051
PAN,Panama,2021,60258.495
PAN,Panama,2022,62571.915
PAN,Panama,2023,64768.927
PAN,Panama,2024,67601.559
PER,Peru,1990,1330
PER,Peru,1991,1370
PER,Peru,1992,1504
PER,Peru,1993,1642
PER,Peru,1994,4451
PER,Peru,1995,5510.313
PER,Peru,1996,6719.625
PER,Peru,1997,7753.019
PER,Peru,1998,8297.498
PER,Peru,1999,9791.454
PER,Peru,2000,11061.944
PER,Peru,2001,11834.754
PER,Peru,2002,12548.718
PER,Peru,2003,12875.751
PER,Peru,2004,13310.452
PER,Peru,2005,15889.171
PER,Peru,2006,20484.402
PER,Peru,2007,26807.706
PER,Peru,2008,32340.34
PER,Peru,2009,34521.232
PER,Peru,2010,42975.859
PER,Peru,2011,50658.12
PER,Peru,2012,64280.605
PER,Peru,2013,74106.608
PER,Peru,2014,78643.31
PER,Peru,2015,86849.787
PER,Peru,2016,93308.309
PER,Peru,2017,99838.502
PER,Peru,2018,106599.688
PER,Peru,2019,112858.764
PER,Peru,2020,111670.803
PER,Peru,2021,117030.575
PER,Peru,2022,129221.309
PER,Peru,2023,132966.451
PER,Peru,2024,138836.766
PRY,Paraguay,1990,417.709
PRY,Paraguay,1991,498.704
PRY,Paraguay,1992,615.78
PRY,Paraguay,1993,685.394
PRY,Paraguay,1994,807.94
PRY,Paraguay,1995,642.5
PRY,Paraguay,1996,577.395
PRY,Paraguay,1997,709.576
PRY,Paraguay,1998,838.405
PRY,Paraguay,1999,844.785
PRY,Paraguay,2000,1002.686
PRY,Paraguay,2001,893.177
PRY,Paraguay,2002,659.282
PRY,Paraguay,2003,824.682
PRY,Paraguay,2004,892.327
PRY,Paraguay,2005,978.589
PRY,Paraguay,2006,1399.155
PRY,Paraguay,2007,2039.577
PRY,Paraguay,2008,2412.264
PRY,Paraguay,2009,2744.468
PRY,Paraguay,2010,3555.342
PRY,Paraguay,2011,4238.573
PRY,Paraguay,2012,5398.62
PRY,Paraguay,2013,5620.487
PRY,Paraguay,2014,6523.052
PRY,Paraguay,2015,6213.568
PRY,Paraguay,2016,7049.224
PRY,Paraguay,2017,7802.069
PRY,Paraguay,2018,7651.609
PRY,Paraguay,2019,7512.282
PRY,Paraguay,2020,7376.179
PRY,Paraguay,2021,7757.645
PRY,Paraguay,2022,8184.796
PRY,Paraguay,2023,8530.919
PRY,Paraguay,2024,10229.277
SUR,Suriname,2011,859.019
SUR,Suriname,2012,1035.434
SUR,Suriname,2013,1231.513
SUR,Suriname,2014,1207.45
SUR,Suriname,2015,1476.998
SUR,Suriname,2016,1773.023
SUR,Suriname,2017,1915.225
SUR,Suriname,2018,2042.249
SUR,Suriname,2019,2042.723
SUR,Suriname,2020,2051.026
SUR,Suriname,2021,1928.786
SUR,Suriname,2022,1935.723
SUR,Suriname,2023,1854.004
SUR,Suriname,2024,1827.132
URY,Uruguay,1990,671.496
URY,Uruguay,1991,703.836
URY,Uruguay,1992,715.136
URY,Uruguay,1993,816.636
URY,Uruguay,1994,971.136
URY,Uruguay,1995,1127.736
URY,Uruguay,1996,1264.536
URY,Uruguay,1997,1390.936
URY,Uruguay,1998,1555.036
URY,Uruguay,1999,1790.3
URY,Uruguay,2000,2088
URY,Uruguay,2001,2406.2
URY,Uruguay,2002,1402.526
URY,Uruguay,2003,1799.6
URY,Uruguay,2004,2110.3
URY,Uruguay,2005,2843.7
URY,Uruguay,2006,3898.658
URY,Uruguay,2007,6355.775
URY,Uruguay,2008,7998.119
URY,Uruguay,2009,10668.31
URY,Uruguay,2010,12478.66
URY,Uruguay,2011,15146.737
URY,Uruguay,2012,28029.919
URY,Uruguay,2013,31181.048
URY,Uruguay,2014,33400.351
URY,Uruguay,2015,32522.903
URY,Uruguay,2016,30730.952
URY,Uruguay,2017,31315.993
URY,Uruguay,2018,30726.74
URY,Uruguay,2019,31655.15
URY,Uruguay,2020,30487.441
URY,Uruguay,2021,31807.712
URY,Uruguay,2022,35577.312
URY,Uruguay,2023,38053.441
URY,Uruguay,2024,36283.295
VEN,Venezuela,1990,3864.652
VEN,Venezuela,1991,4095.811
VEN,Venezuela,1992,6033.239
VEN,Venezuela,1993,6450.793
VEN,Venezuela,1994,7263.793
VEN,Venezuela,1995,8248.793
VEN,Venezuela,1996,10431.793
VEN,Venezuela,1997,24694
VEN,Venezuela,1998,28915
VEN,Venezuela,1999,31470
VEN,Venezuela,2000,35480
VEN,Venezuela,2001,39074
VEN,Venezuela,2002,39007
VEN,Venezuela,2003,41373
VEN,Venezuela,2004,42359
VEN,Venezuela,2005,44518
VEN,Venezuela,2006,45603
VEN,Venezuela,2007,44832
VEN,Venezuela,2008,35040
VEN,Venezuela,2009,35247
VEN,Venezuela,2010,36107
VEN,Venezuela,2011,40206
VEN,Venezuela,2012,40180
VEN,Venezuela,2013,33018
VEN,Venezuela,2014,32016
VEN,Venezuela,2015,27750
VEN,Venezuela,2016,23569
VEN,Venezuela,2017,21678
VEN,Venezuela,2018,22168
VEN,Venezuela,2019,24547
VEN,Venezuela,2020,25602
VEN,Venezuela,2021,26795
VEN,Venezuela,2022,29100
VEN,Venezuela,2023,28827
VEN,Venezuela,2024,30459.583
